route,ville,route,pre,route
route,ville,pre,route,route
blason,blason,blason,route,blason
route,ville,pre,route,route
route,ville,ville,route,route
blason,pre,blason,blason,blason
blason,pre,pre,blason,blason
pre,route,route,route,village
route,route,pre,pre,route
route,route,pre,pre,route
pre,pre,ville,pre,pre
pre,pre,ville,ville,ville
pre,pre,ville,pre,pre
route,route,pre,route,village
pre,pre,pre,pre,abbaye
pre,ville,ville,pre,pre
route,route,ville,route,village
pre,blason,pre,blason,blason
route,ville,route,pre,route
pre,ville,route,route,route
blason,blason,route,route,blason
ville,ville,pre,ville,ville
pre,ville,pre,ville,pre
ville,ville,route,route,route
pre,ville,pre,ville,pre
blason,blason,blason,blason,blason
ville,route,ville,ville,ville
pre,pre,ville,ville,ville
route,route,pre,route,village
pre,route,pre,route,route
pre,route,route,pre,route
pre,pre,pre,route,abbaye
route,route,pre,pre,route
pre,route,pre,route,route
ville,ville,pre,ville,ville
ville,pre,pre,pre,pre
route,route,pre,pre,route
blason,pre,pre,blason,blason
pre,route,pre,route,route
pre,route,route,pre,route
pre,ville,route,route,route
pre,route,route,route,village
pre,ville,route,route,route
pre,pre,pre,pre,abbaye
route,pre,route,pre,route
pre,blason,pre,blason,blason
pre,route,route,pre,route
pre,route,pre,route,route
pre,route,pre,route,route
route,ville,pre,route,route
route,ville,route,pre,route
pre,pre,pre,pre,abbaye
route,ville,route,pre,route
pre,pre,ville,pre,pre
pre,pre,pre,pre,abbaye
pre,ville,ville,pre,pre
ville,ville,pre,ville,ville
ville,pre,ville,pre,ville
pre,route,pre,route,route
pre,pre,ville,pre,pre
route,route,ville,route,village
pre,pre,ville,ville,ville
pre,route,pre,route,route
ville,ville,route,route,route
route,route,ville,route,village
route,route,pre,pre,route
route,route,route,route,village
ville,ville,route,route,route
blason,blason,blason,route,blason
route,route,pre,pre,route
pre,pre,pre,route,abbaye
pre,ville,pre,ville,pre
